{
  "mae_delta_abs": 0.8457327177523783,
  "rmse_delta_abs": -0.23905964409544822,
  "r2_drop_abs": -0.0030634249188283835
}