{
  "base": {
    "mae": 14.401705184271572,
    "mse": 24634.29727042703,
    "rmse": 156.95316903594852,
    "r2": -0.00640302683592231
  },
  "drift": {
    "mae": 15.24743790202395,
    "mse": 24559.312082481687,
    "rmse": 156.71410939185307,
    "r2": -0.003339601917093926
  },
  "deltas": {
    "mae_delta_abs": 0.8457327177523783,
    "rmse_delta_abs": -0.23905964409544822,
    "r2_drop_abs": -0.0030634249188283835
  },
  "alerts": {
    "mae_delta_abs": true,
    "rmse_delta_abs": false,
    "r2_drop_abs": false
  },
  "alert_any": true
}