{
  "mae": 15.24743790202395,
  "rmse": 156.71410939185307,
  "r2": -0.003339601917093926
}