{
  "mae": 14.401705184271572,
  "rmse": 156.95316903594852,
  "r2": -0.00640302683592231
}